species,number of ticks,year,latitude,longitude
Haemaphysalis danieli,1,2025,98.37911,46.50943
Haemaphysalis danieli,5,2025,98.36028,46.52446
Haemaphysalis danieli,5,2025,98.36028,46.52446
Haemaphysalis danieli,5,2025,98.36028,46.52446
Haemaphysalis danieli,5,2025,98.36028,46.52446
Haemaphysalis danieli,5,2025,98.36028,46.52446
Haemaphysalis danieli,5,2025,98.36028,46.52446
Haemaphysalis danieli,5,2025,98.36028,46.52446
Haemaphysalis danieli,5,2025,98.36028,46.52446
Haemaphysalis danieli,5,2025,98.36028,46.52446
Haemaphysalis danieli,4,2025,98.36028,46.52446
Haemaphysalis danieli,5,2025,98.36028,46.52446
Haemaphysalis danieli,5,2025,98.36028,46.52446
Haemaphysalis danieli,5,2025,98.36028,46.52446
Haemaphysalis danieli,5,2025,98.36028,46.52446
Haemaphysalis danieli,5,2025,98.36028,46.52446
Haemaphysalis danieli,5,2025,98.36028,46.52446
Haemaphysalis danieli,7,2025,98.36028,46.52446
Haemaphysalis danieli,5,2025,98.36028,46.52446
Haemaphysalis danieli,5,2025,98.36028,46.52446
Haemaphysalis danieli,5,2025,98.36028,46.52446
Haemaphysalis danieli,5,2025,98.36028,46.52446
Haemaphysalis danieli,5,2025,98.36028,46.52446
Haemaphysalis danieli,5,2025,98.36028,46.52446
Haemaphysalis danieli,5,2025,98.36028,46.52446
Haemaphysalis danieli,6,2025,98.36028,46.52446
Haemaphysalis danieli,5,2025,98.36028,46.52446
Haemaphysalis danieli,5,2025,98.36028,46.52446
Haemaphysalis danieli,5,2025,98.36028,46.52446
Haemaphysalis danieli,6,2025,98.36028,46.52446
Haemaphysalis danieli,6,2025,98.36028,46.52446
Haemaphysalis danieli,5,2025,98.36028,46.52446
Haemaphysalis danieli,5,2025,98.36028,46.52446
Haemaphysalis danieli,5,2025,99.89646,46.47979
Haemaphysalis danieli,3,2025,99.89646,46.47979
Haemaphysalis danieli,5,2025,99.89646,46.47979
Haemaphysalis danieli,5,2025,99.89646,46.47979
Haemaphysalis danieli,4,2025,99.89646,46.47979
Haemaphysalis danieli,5,2025,99.89646,46.47979
Haemaphysalis danieli,5,2025,99.89646,46.47979
Haemaphysalis danieli,5,2025,99.89646,46.47979
Haemaphysalis danieli,5,2025,101.88082,45.85861
Haemaphysalis danieli,5,2025,101.88082,45.85861
Haemaphysalis danieli,4,2025,101.88082,45.85861
Haemaphysalis danieli,6,2025,101.88082,45.85861
Haemaphysalis danieli,4,2025,101.88082,45.85861
Haemaphysalis danieli,10,2026,100.78311,46.35271
Haemaphysalis danieli,10,2026,100.78311,46.35271
Haemaphysalis danieli,10,2026,100.78311,46.35271
Haemaphysalis danieli,10,2026,100.78311,46.35271
Haemaphysalis danieli,10,2026,100.78311,46.35271
Haemaphysalis danieli,10,2026,101.53154,45.94811
Haemaphysalis danieli,10,2026,101.53154,45.94811
Haemaphysalis danieli,10,2026,101.53154,45.94811
Haemaphysalis danieli,10,2026,101.53154,45.94811
Haemaphysalis danieli,10,2026,101.53154,45.94811
Haemaphysalis danieli,10,2026,101.53154,45.94811
Haemaphysalis danieli,10,2026,101.53154,45.94811
Haemaphysalis danieli,10,2026,101.53154,45.94811
Haemaphysalis danieli,2,2026,101.53154,45.94811
Haemaphysalis danieli,10,2026,101.53154,45.94811
Haemaphysalis danieli,10,2026,101.53154,45.94811
Haemaphysalis danieli,10,2026,101.53154,45.94811
Haemaphysalis danieli,10,2026,101.53154,45.94811
Haemaphysalis danieli,10,2026,101.53154,45.94811
Haemaphysalis danieli,10,2026,101.53154,45.94811
Haemaphysalis danieli,10,2026,101.53154,45.94811
Haemaphysalis danieli,10,2026,101.53154,45.94811
Haemaphysalis danieli,10,2026,101.53154,45.94811
Haemaphysalis danieli,10,2026,101.53154,45.94811
Haemaphysalis danieli,10,2026,101.53154,45.94811
Haemaphysalis danieli,10,2026,101.53154,45.94811
Haemaphysalis danieli,10,2026,101.53154,45.94811
Haemaphysalis danieli,10,2026,101.53154,45.94811
Haemaphysalis danieli,10,2026,101.53154,45.94811
Haemaphysalis danieli,10,2026,101.53154,45.94811
Haemaphysalis danieli,10,2026,101.53154,45.94811
Haemaphysalis danieli,10,2026,101.53154,45.94811
Haemaphysalis danieli,10,2026,101.53154,45.94811
Haemaphysalis danieli,10,2026,101.53154,45.94811
Haemaphysalis danieli,10,2026,101.53154,45.94811
Haemaphysalis danieli,10,2026,101.53154,45.94811
Haemaphysalis danieli,10,2026,101.53154,45.94811
Haemaphysalis danieli,10,2026,101.53154,45.94811
Haemaphysalis danieli,10,2026,101.53154,45.94811
Haemaphysalis danieli,10,2026,101.53154,45.94811
Haemaphysalis danieli,10,2026,101.53154,45.94811
Haemaphysalis danieli,10,2026,101.53154,45.94811
Haemaphysalis danieli,10,2026,101.53154,45.94811
Haemaphysalis danieli,10,2026,101.53154,45.94811
Haemaphysalis danieli,10,2026,101.53154,45.94811
Haemaphysalis danieli,10,2026,101.53154,45.94811
Haemaphysalis danieli,4,2026,101.54827,45.92031
Haemaphysalis danieli,10,2026,101.58215,45.94756
Haemaphysalis danieli,10,2026,101.58215,45.94756
Haemaphysalis danieli,10,2026,101.58215,45.94756
Haemaphysalis danieli,10,2026,101.58215,45.94756
Haemaphysalis danieli,10,2026,101.58215,45.94756
Haemaphysalis danieli,10,2026,101.58215,45.94756
Haemaphysalis danieli,10,2026,101.58215,45.94756
Haemaphysalis danieli,10,2026,101.58215,45.94756
Haemaphysalis danieli,10,2026,101.58215,45.94756
Haemaphysalis danieli,10,2026,101.58215,45.94756
Haemaphysalis danieli,10,2026,101.58215,45.94756
Haemaphysalis danieli,10,2026,101.58215,45.94756
Haemaphysalis danieli,10,2026,101.56482,45.95382
Haemaphysalis danieli,10,2026,101.56482,45.95382
Haemaphysalis danieli,10,2026,101.56482,45.95382
Haemaphysalis danieli,10,2026,101.56482,45.95382
Haemaphysalis danieli,10,2026,101.56482,45.95382
Haemaphysalis danieli,10,2026,101.56482,45.95382
Haemaphysalis danieli,10,2026,101.56482,45.95382
Haemaphysalis danieli,10,2026,101.56482,45.95382
Haemaphysalis danieli,10,2026,101.56482,45.95382
Haemaphysalis danieli,10,2026,101.56482,45.95382
Haemaphysalis danieli,10,2026,101.56482,45.95382
Haemaphysalis danieli,10,2026,101.56482,45.95382
Haemaphysalis danieli,10,2026,101.56482,45.95382
Haemaphysalis danieli,10,2026,101.56482,45.95382
Haemaphysalis danieli,10,2026,101.56482,45.95382
Haemaphysalis danieli,10,2026,101.56482,45.95382
Haemaphysalis danieli,8,2026,101.56482,45.95382
Haemaphysalis danieli,10,2026,101.68886,45.92261
Haemaphysalis danieli,10,2026,101.68886,45.92261
Haemaphysalis danieli,10,2026,101.68886,45.92261
Haemaphysalis danieli,10,2026,101.68886,45.92261
Haemaphysalis danieli,10,2026,101.68886,45.92261
Haemaphysalis danieli,7,2026,101.68886,45.92261
Haemaphysalis danieli,4,2026,101.72945,45.88568
Haemaphysalis danieli,9,2026,101.92366,45.59701
Haemaphysalis danieli,10,2026,101.90098,45.97257
Haemaphysalis danieli,10,2026,101.90098,45.97257
Haemaphysalis danieli,10,2026,101.90098,45.97257
Haemaphysalis danieli,9,2026,101.90098,45.97257
Haemaphysalis danieli,10,2026,101.88931,45.85657
Haemaphysalis danieli,7,2026,101.88931,45.85657
Haemaphysalis danieli,10,2026,101.89312,45.86381
Haemaphysalis danieli,10,2026,101.89312,45.86381
Haemaphysalis danieli,10,2026,101.89312,45.86381
Haemaphysalis danieli,10,2026,101.89312,45.86381
Haemaphysalis danieli,10,2026,101.89312,45.86381
Haemaphysalis danieli,4,2026,101.92662,46.10032
Haemaphysalis danieli,10,2026,101.97793,46.10181
Haemaphysalis danieli,10,2026,101.97793,46.10181
Haemaphysalis danieli,10,2026,101.97793,46.10181
Haemaphysalis danieli,10,2026,101.97793,46.10181
Haemaphysalis danieli,10,2026,101.97793,46.10181
Haemaphysalis danieli,10,2026,101.97793,46.10181
Haemaphysalis danieli,8,2026,101.97793,46.10181
